1,ABLEIGES,mairie.ableiges95@wanadoo.fr
2,AINCOURT,mairie.aincourt@wanadoo.fr
3,AMBLEVILLE,mairie.ambleville@wanadoo.fr
4,AMENUCOURT,mairie.amenucourt@wanadoo.fr
5,ANDILLY,mairie.andilly@wanadoo.fr
6,ARGENTEUIL,christian.bournery@ville-argenteuil.fr
7,ARNOUVILLE LES GONESSE,webmaster@villedarnouville.com
8,ARRONVILLE,arronville@wanadoo.fr
9,ARTHIES,mairie-arthies-95@wanadoo.fr
10,ASNIERES SUR OISE,herve.pellin@ville-asnieres-sur-oise.fr
11,ATTAINVILLE,mairie@attainville.fr
12,AUVERS SUR OISE,communication@auvers-sur-oise.com
13,AVERNES,mairie.avernes@orange.fr
14,BAILLET EN FRANCE,info@baillet-en-france.fr
15,BANTHELU,mairie.banthelu@wanadoo.fr
16,BEAUCHAMP,accueil-mairie@ville-beauchamp.fr
17,BEAUMONT SUR OISE,beaumont.sg@wanadoo.fr
18,BELLEFONTAINE,mairiebellefontaine2@wanadoo.fr
19,BELLOY EN FRANCE,secretariat@mairie-belloy-en-france.fr
20,BERNES SUR OISE,mairiebernes@wanadoo.fr
21,BERVILLE,mairie.de.berville@wanadoo.fr
22,BESSANCOURT,melody.quesnel@ville-bessancourt.fr
23,BETHEMONT LA FORET,mairie.bethemont-laforet@wanadoo.fr
24,BEZONS,courrier@mairie-bezons.fr
25,BOISEMONT,commune.boisemont@wanadoo.fr
26,BOISSY L AILLERIE,mairie.boissy-laillerie@wanadoo.fr
27,BONNEUIL EN FRANCE,bonneuil-en-france95@orange.fr
28,BOUFFEMONT,info@ville-bouffemont.fr
29,BOUQUEVAL,mairiebouqueval@wanadoo.fr
30,BRAY ET LU,mairie.brayetlu@wanadoo.fr
31,BREANCON,mairie.breancon@wanadoo.fr
32,BRIGNANCOURT,brignancourt@wanadoo.fr
33,BRUYERES SUR OISE,mairie.bruyeres.sur.oise@wanadoo.fr
34,BUHY,mairie.buhy@wanadoo.fr
35,BUTRY SUR OISE,mairiedebutrysuroise@wanadoo.fr
36,CERGY,contact@ville-cergy.fr
37,CHAMPAGNE SUR OISE,cjacqueline@villedechampagne.fr 
38,CHARMONT,mairie.charmont@wanadoo.fr
39,CHARS,mairie.chars@wanadoo.fr
40,CHATENAY EN FRANCE,""
41,CHAUMONTEL,mairie.chaumontel@wanadoo.fr
42,CHAUSSY,mairie.chaussy@wanadoo.fr
43,CHAUVRY,mairie.de.chauvry@wanadoo.fr
44,CHENNEVIERES LES LOUVRES,mairie.chennevieres@wanadoo.fr
45,CHERENCE,mairie.cherence@wanadoo.fr
46,CLERY EN VEXIN,commune-de-clery@wanadoo.fr
47,COMMENY,mairiecommeny@wanadoo.fr
48,CONDECOURT,mairie.condecourt@wanadoo.fr
49,CORMEILLES EN PARISIS,contact@ville-cormeilles95.fr
50,CORMEILLES EN VEXIN,mairie-cormeillesenvexin@wanadoo.fr
51,COURCELLES SUR VIOSNE,mairie-courcellessurviosne95@wanadoo.fr
52,COURDIMANCHE,communication@ville-courdimanche.fr
53,DEUIL LA BARRE,accueil@mairie-deuillabarre.fr
54,DOMONT,mairiedomont@magic.fr
55,EAUBONNE,information@eaubonne.fr
56,ECOUEN,contact@ecouen.fr
57,ENGHIEN LES BAINS,direction.generale@enghien95.fr
58,ENNERY,mairie@ennery.fr
59,EPIAIS LES LOUVRES,mairieepiais-leslouvres@wanadoo.fr
60,EPIAIS RHUS,mairie.epiais-rhus@wanadoo.fr
61,EPINAY CHAMPLATREUX,mairie.ep.champlatreux@wanadoo.fr
62,ERAGNY SUR OISE,bureauetconseil@eragny.fr
63,ERMONT,mairie@ville-ermont.fr
64,EZANVILLE,secret.mairie@ezanville.fr
65,FONTENAY EN PARISIS,mairiefontenay@roissy-online.com
66,FOSSES,contact@ville-fosses95.fr
67,FRANCONVILLE,Communication@ville-franconville.fr
68,FREMAINVILLE,fremainville-mairie@wanadoo.fr
69,FREMECOURT,mairiefremecourt@orange.fr
70,FREPILLON,mairie@frepillon.fr
71,FROUVILLE,mairie-frouville95@wanadoo.fr
72,GADANCOURT,mairie-gadancourt@orange.fr
73,GARGES LES GONESSE,communication@villedegarges.com
74,GENAINVILLE,mairie-genainville@wanadoo.fr
75,GENICOURT,mairie.genicourt@wanadoo.fr
76,GONESSE,contact@villaeroport.org
77,GOUSSAINVILLE,maire@ville-goussainville.fr
78,GOUZANGREZ,mairiedegouzangrez@orange.fr
79,GRISY LES PLATRES,""
80,GROSLAY,assistante_du_maire@mairie-groslay.fr 
81,GUIRY EN VEXIN,mairie.guiry-en-vexin@wanadoo.fr
82,HARAVILLIERS,commune.haravilliers@orange.fr
83,HAUTE ISLE,mairie-hauteisle@wanadoo.fr
84,HEDOUVILLE,mairie-hedouville@wanadoo.fr
85,HERBLAY,mairie@herblay.fr
86,HEROUVILLE,mairie@herouville-en-vexin.net
87,HODENT,mairie.hodent@orange.fr
88,JAGNY SOUS BOIS,mairie.jagny-sous-bois@wanadoo.fr
89,JOUY LE MOUTIER,secretariatgeneral@jouylemoutier.fr
90,LABBEVILLE,mairie@labbeville.fr
91,LA CHAPELLE EN VEXIN,la-chapelle-en-vexin@wanadoo.fr
92,LA FRETTE SUR SEINE,mairie@ville-la-frette95.fr
93,LA ROCHE GUYON,mairie.larocheguyon@wanadoo.fr
94,LASSY,""
95,LE BELLAY EN VEXIN,mairie.bellay@wanadoo.fr
96,LE HEAULME,mairie.le.heaulme@cegetel.net
97,LE MESNIL AUBRY,mairie.mesnil-aubry@wanadoo.fr
98,LE PERCHAY,mairie.leperchay@wanadoo.fr
99,LE PLESSIS BOUCHARD,mairie@ville-le-plessis-bouchard.fr
100,LE PLESSIS GASSOT,le.plessis.gassot@wanadoo.fr
101,LE PLESSIS LUZARCHES,mairieplessisluzarches@orange.fr
102,LE THILLAY,p.bezillot@mairie-le-thillay.fr
103,L ISLE ADAM,m.martin@ville-isle-adam.fr
104,LIVILLIERS,mairie-de-livilliers@wanadoo.fr
105,LONGUESSE,mairie.longuesse@orange.fr
106,LOUVRES,communication@ville-louvres.fr
107,LUZARCHES,v.coquillard@luzarches.net
108,MAFFLIERS,mairie-maffliers@wanadoo.fr
109,MAGNY EN VEXIN,mairie@magny-en-vexin.fr
110,MAREIL EN FRANCE,mairie.mareil.france@wanadoo.fr
111,MARGENCY,info@mairie-margency.fr
112,MARINES,mairie.marines@wanadoo.fr
113,MARLY LA VILLE,""
114,MAUDETOUR EN VEXIN,mairie.maudetour@wanadoo.fr
115,MENOUVILLE,""
116,MENUCOURT,communication@menucourt.fr
117,MERIEL,accueil.mairie@ville-de-meriel.fr
118,MERY SUR OISE,services.administratifs@merysuroise.fr
119,MOISSELLES,mairie.moisselles@orange.fr
120,MONTGEROULT,mairie-de-montgeroult@wanadoo.fr
121,MONTIGNY LES CORMEILLES,communication@ville-montigny95.fr
122,MONTLIGNON,mairie.montlignon@wanadoo.fr
123,MONTMAGNY,communication@ville-montmagny.fr
124,MONTMORENCY,directiongenerale@ville-montmorency.fr
125,MONTREUIL SUR EPTE,mairiemontreuilept@orange.fr
126,MONTSOULT,mairie-montsoult@wanadoo.fr
127,MOURS,secretaire.mairie.mours@wanadoo.fr
128,MOUSSY,mairie.de.st.denis.catus@wanadoo.fr
129,NERVILLE LA FORET,mairie-nerville95@wanadoo.fr
130,NESLES LA VALLEE,pontenay@wanadoo.fr
131,NEUILLY EN VEXIN,""
132,NEUVILLE SUR OISE,affgenerales@neuville-sur-oise.fr
133,NOINTEL,nointel-mairie@wanadoo.fr
134,NOISY SUR OISE,mairie.de.noisy.sur.oise@wanadoo.fr
135,NUCOURT,mairie.nucourt@wanadoo.fr
136,OMERVILLE,Mairie.omerville@orange.fr
137,OSNY,communication@ville-osny.fr
138,PARMAIN,communication@ville-parmain.fr
139,PERSAN,mairie@ville-persan.fr
140,PIERRELAYE,mairie@ville-pierrelaye.fr
141,PISCOP,mairie.piscop@wanadoo.fr
142,PONTOISE,mairie@ville-pontoise.fr
143,PRESLES,mairie@ville-presles.fr
144,PUISEUX EN FRANCE,vsimil@roissy-online.com
145,PUISEUX PONTOISE,mairie.puiseux-pontoise.95@wanadoo.fr
146,ROISSY EN FRANCE,accueil@ville-roissy95.fr
147,RONQUEROLLES,mairie.ronquerolles95@wanadoo.fr
148,SAGY,mairie.sagy@wanadoo.fr
149,SAINT BRICE SOUS FORET,info@saintbrice95.fr
150,SAINT CLAIR SUR EPTE,mairie-stclairsurepte@orange.fr
151,SAINT CYR EN ARTHIES,mairie.stcyrenarthies@wanadoo.fr
152,SAINT GERVAIS,mairie.saintgervais@wanadoo.fr
153,SAINT GRATIEN,info@mairie-saintgratien.fr
154,SAINT LEU LA FORET,mairie@saint-leu-la-foret.fr
155,SAINT MARTIN DU TERTRE,mairiesaintmartindutertre@wanadoo.fr
156,SAINT OUEN L AUMONE,courrier@ville-saintouenlaumone.fr
157,SAINT PRIX,communication@saintprix.fr
158,SAINT WITZ,mairie@saint-witz.fr
159,SANNOIS,secretariat.general@sannois.org
160,SANTEUIL,mairie@santeuil95.fr
161,SARCELLES,comsarcelles@yahoo.fr
162,SERAINCOURT,mairie.seraincourt95@wanadoo.fr
163,SEUGY,mairie.seugy@wanadoo.fr
164,SOISY SOUS MONTMORENCY,mairie@soisy-sous-montmorency.fr
165,SURVILLIERS,vincent@roissy-online.com
166,TAVERNY,mairie@ville-taverny.fr
167,THEMERICOURT,mairie.themericourt@wanadoo.fr
168,THEUVILLE,mairie.theuville.mts@wanadoo.fr
169,US,mairie.us.95@wanadoo.fr
170,VALLANGOUJARD,secretariat@vallangoujard.fr
171,VALMONDOIS,mairievalmondois@gmail.com
172,VAUDHERLAND,""
173,VAUREAL,communication@mairie-vaureal.fr
174,VEMARS,sandrine_ravenel@yahoo.fr
175,VETHEUIL,mairiedevetheuil@orange.fr
176,VIARMES,ville-viarmes@wanadoo.fr
177,VIENNE EN ARTHIES,mairie.viennearthies@wanadoo.fr
178,VIGNY,mairie.vigny@wanadoo.fr
179,VILLAINES SOUS BOIS,mairie@villaines-sous-bois.fr
180,VILLERON,accueilvilleron@roissy-online.com
181,VILLERS EN ARTHIES,mairie.villers@free.fr
182,VILLIERS ADAM,mairie.villiersadam@wanadoo.fr
183,VILLIERS LE BEL,secretariatgeneral@ville-villiers-le-bel.fr
184,VILLIERS LE SEC,mairie.villiers-le-sec@wanadoo.fr
185,WY DIT JOLI VILLAGE,mairie.wy-dit-joli-village@wanadoo.fr
